Candidate,Entry,Experimental,Entry
AAAS,Q9NRG9,ABCC8,Q09428
AANAT,Q16613,ADAMTS9,Q9P2N4
ABCA1,O95477,ADCY5,O95622
ABCA4,P78363,ADIPOQ,Q15848
ABCB1,P08183,AKT2,P31751
ABCB10,Q9NRK6,AP3S2,P59780
ABCB6,Q9NP58,ATF3,P18847
ABCB9,Q9NP78,ATP2A2,P16615
ABCC11,Q96J66,ATP2A3,Q93084
ABCC2,Q92887,AUTS2,Q8WXX7
ABCC5,O15440,BCL2,P10415
ABCG1,P45844,BCL2L1,Q07817
ABCG2,Q9UNQ0,BCL2L11,O43521
ABCG5,Q9H222,BHMT,Q93088
ABCG8,Q9H221,BRAF,P15056
ABHD6,Q9BV23,C2CD4A,Q8NCU7
ABI3BP,Q7Z7G0,C2CD4B,A6NLJ0
ABO,P16442,C3,P01024
ACAA1,P09110,CAPN10,Q9HC96
ACACA,Q13085,CASP3,P42574
ACACB,O00763,CASP8,Q14790
ACAD10,Q6JQN1,CAT,P04040
ACAD8,Q9UKU7,CBS,P35520
ACAT1,P24752,CCDC92,Q53HC0
SOAT1,P35610,CCND2,P30279
ACD,Q96AP0,CDKAL1,Q5VV42
ACE,P12821,CDO1,Q16878
ACE2,Q9BYF1,CISD2,Q8N5K1
ACHE,P22303,CMIP,Q8IY22
ACKR3,P25106,CNKSR2,Q8WXI2
ACLY,P53396,CPT1A,P50416
ACOT2,P49753,CYBA,P13498
ACOT7,O00154,CYP1A2,P05177
ACP1,P24666,DGKD,Q16760
ACR,P10323,ECE1,P42892
ACSL1,P33121,EDN1,P05305
ACTB,P60709,EDNRA,P25101
ACTBL2,Q562R1,EDNRB,P24530
ACTG1,P63261,EGFR,P00533
ACTG2,P63267,ENPP1,P22413
ACVR1C,Q8NER5,EPC2,Q52LR7
ACVR2B,Q13705,ETS1,P14921
ADA,P00813,FAM234A,Q9H0X4
ADA2,Q9NZK5,FAS,P25445
ADAM11,O75078,FGF21,Q9NSA1
ADAM17,P78536,FTO,Q9C0B1
ADAM19,Q9H013,GCG,P01275
ADAM28,Q9UKQ2,GCGR,P47871
ADAMTS13,Q76LX8,GCK,P35557
ADAMTS2,O95450,GCKR,Q14397
ADARB1,P78563,GLIS3,Q8NEA6
ADCY3,O60266,GLP1R,P43220
ADCYAP1,P18509,GLYAT,Q6IB77
ADD1,P35611,GNB3,P16520
ADGRG1,Q9Y653,GP2,P55259
ADGRL3,Q9HAR2,GPD2,P43304
ADH1B,P00325,GPX1,P07203
ADH1C,P00326,GRB14,Q14449
ADIPOR1,Q96A54,GSTM1,P09488
ADIPOR2,Q86V24,HHEX,Q03014
ADM,P35318,HK1,P19367
ADM2,Q7Z4H4,HLA-DRB5,Q30154
ADORA1,P30542,HMG20A,Q9NP66
ADORA2B,P29275,HMGA1,P17096
ADORA3,P0DMS8,HMOX1,P09601
ADRA1D,P25100,HNF1A,P20823
ADRA1A,P35348,HNF1B,P35680
ADRA2A,P08913,HNF4A,P41235
ADRA2B,P18089,HP,P00738
ADRB2,P07550,HPX,P02790
ADRB3,P13945,IAPP,P10997
AFM,P43652,ICAM1,P05362
AFP,P02771,ID1,P41134
AGBL5,Q8NDL9,IGF2BP2,Q9Y6M1
AGER,Q15109,IL13RA1,P78552
AGMO,Q6ZNB7,INPPL1,O15357
AGPAT1,Q99943,INS,P01308
AGRP,O00253,INSR,P06213
AGT,P01019,IRS1,P35568
AGTR1,P30556,IRS2,Q9Y4H2
AGTR2,P50052,ITGA1,P56199
AGXT2,Q9BYV1,ITLN1,Q8WWA0
AHI1,Q8N157,JADE2,Q9NQC1
AHR,P35869,JAZF1,Q86VZ6
AHSA1,O95433,KCNJ11,Q14654
AHSG,P02765,KCNK16,Q96T55
AIF1,P55008,KCNQ1,P51787
AIM2,O14862,KCNU1,A8MYU2
AIMP2,Q13155,KL,Q9UEF7
AK1,P00568,KLF14,Q8TD94
AKAP13,Q12802,KSR2,Q6VAB6
AKAP6,Q13023,LEP,P41159
AKNAD1,Q5T1N1,LEPR,P48357
AKR1A1,P14550,LEPROT,O15243
AKR1B1,P15121,LIPC,P11150
AKR1C2,P52895,MAEA,Q7L5Y9
AKT1,P31749,MAP4K2,Q12851
AKT3,Q9Y243,MAPK8IP1,Q9UQF2
AKTIP,Q9H8T0,MAT1A,Q00266
ALAS1,P13196,MIR17HG,Q75NE6
ALB,P02768,MOK,Q9UQ07
FBF1,Q8TES7,MRAS,O14807
ALCAM,Q13740,MTNR1B,P49286
ALDH1A2,O94788,NANOS2,P60321
ALDH2,P05091,NANOS3,P60323
ALDH3B1,P43353,NEUROD1,Q13562
ALDH6A1,Q02252,NFATC2,Q13469
ALDH7A1,P49419,NFKB1,P19838
ALDOB,P05062,NKX6-1,P78426
ALG1,Q9BT22,NOS2,P35228
ALK,Q9UM73,NOS3,P29474
ALMS1,Q8TCU4,NUS1,Q96E22
ALOX12,P18054,OGG1,O15527
ALOX15,P16050,PAM,P19021
ALOX5,P09917,PAX4,O43316
ALOX5AP,P20292,PAX6,P26367
ALPK1,Q96QP1,PCSK2,P16519
ALPL,P05186,PDHX,O00330
ALPP,P05187,PDX1,P52945
ALX4,Q9H161,PEPD,P12955
AMACR,Q9UHK6,PLEKHA1,Q9HB21
AMD1,P17707,PPARA,Q07869
AMH,P03971,PPARG,P37231
AMPD1,P23109,PPARGC1A,Q9UBK2
AMY1A,P0DUB6,PPP1R3A,Q16821
AMY1B,P0DTE7,PRKCB,P05771
AMY1C,P0DTE8,PROX1,Q92786
AMY2A,P04746,PSMD6,Q15008
ANGPT1,Q15389,PTPN1,P18031
ANGPT2,O15123,RELA,Q04206
ANGPTL2,Q9UKU9,RETN,Q9HD89
ANGPTL3,Q9Y5C1,RNF6,Q9Y252
ANGPTL4,Q9BY76,S100A6,P06703
ANGPTL5,Q86XS5,SCTR,P47872
ANGPTL6,Q8NI99,SFRP4,Q6FHJ7
ANGPTL8,Q6UXH0,SHBG,P04278
ANK1,P16157,SIRT1,Q96EB6
ANK2,Q01484,SLC1A2,P43004
ANKFY1,Q9P2R3,SLC22A3,O75751
ANKH,Q9HCJ1,SLC2A1,P11166
ANKK1,Q8NFD2,SLC2A2,P11168
ANKRD23,Q86SG2,SLC2A4,P14672
ANKRD55,Q3KP44,SLC30A8,Q8IWU4
ANPEP,P15144,SMAD5,Q99717
ANXA1,P04083,SMIM43,Q4W5P6
ANXA5,P08758,SNAP25,P60880
ANXA6,P08133,SOD1,P00441
AOC2,O75106,SOD2,P04179
AOC3,Q16853,SP6,Q3SY56
AP3S1,Q92572,ST6GAL1,P15907
APCS,P02743,TBC1D4,O60343
API5,Q9BZZ5,TCF7L2,Q9NQB0
APLN,Q9ULZ1,TGFB1,P01137
APLNR,P35414,TIMP1,P01033
APOA1,P02647,TMEM18,Q96B42
APOA2,P02652,TNF,P01375
APOA4,P06727,TNFRSF1A,P19438
APOA5,Q6Q788,TNFRSF1B,P20333
APOC2,P02655,UBE2E2,Q96LR5
APOC3,P02656,UCP2,P55851
APOC4,P55056,USP48,Q86UV5
APOD,P05090,VPS26A,O75436
APOE,P02649,WFS1,O76024
APOH,P02749,ZC3HC1,Q86WB0
APOL1,O14791,ZFAND3,Q9H8U3
APOM,O95445,ZNF257,Q9Y2Q1
APP,P05067,,
APPL1,Q9UKG1,,
APLP2,Q06481,,
APPL2,Q8NEU8,,
APRT,P07741,,
AQP11,Q8NBQ7,,
AQP2,P41181,,
AQP5,P55064,,
AQP7,O14520,,
AQP9,O43315,,
AQR,O60306,,
AR,P10275,,
ARAP1,Q96P48,,
NOL3,O60936,,
ARC,Q7LC44,,
ARG1,P05089,,
ARHGAP15,Q53QZ3,,
ARHGAP22,Q7Z5H3,,
ARHGEF11,O15085,,
ARHGEF12,Q9NZN5,,
ARHGEF18,Q6ZSZ5,,
ARID1B,Q8NFD5,,
ARID2,Q68CP9,,
ARID3A,Q99856,,
ARID4B,Q4LE39,,
ARID5B,Q14865,,
ARIH1,Q9Y4X5,,
ARL15,Q9NXU5,,
ARL2BP,Q9Y2Y0,,
ARL3,P36405,,
ARL6,Q9H0F7,,
ARL9,Q6T311,,
ARNT,P27540,,
ARNTL,O00327,,
ARNTL2,Q8WYA1,,
ARR3,P36575,,
ARRB2,P32121,,
GET3,O43681,,
ARSA,P15289,,
ARSL,P51690,,
ARX,Q96QS3,,
ASAH2,Q9NR71,,
ASB3,Q9Y575,,
ASCC2,Q9H1I8,,
ASCL2,Q99929,,
ASIP,P42127,,
ASRGL1,Q7L266,,
ATF6,P18850,,
ATF7IP,Q6VMQ6,,
ATG5,Q9H1Y0,,
ATG7,O95352,,
ATIC,P31939,,
ATM,Q13315,,
ATN1,P54259,,
ATP10A,O60312,,
ATP12A,P54707,,
ATP2A1,O14983,,
ATP2B1,P20020,,
ATP4A,P20648,,
ATP5F1B,P06576,,
ATP5MC1,P05496,,
ATP5PF,P18859,,
ATP5PO,P48047,,
ATP6AP2,O75787,,
ATP6V1H,Q9UI12,,
ATP7A,Q04656,,
MT-ATP8,P03928,,
ATP8A1,Q9Y2Q0,,
ATP8B2,P98198,,
ATRNL1,Q5VV63,,
ATXN1,P54253,,
ATXN2,Q99700,,
ATXN7,O15265,,
AVP,P01185,,
AVPR2,P30518,,
AZGP1,P25311,,
AZU1,P20160,,
B2M,P61769,,
BACE1,P56817,,
BACE2,Q9Y5Z0,,
BACH2,Q9BYV9,,
BAD,Q92934,,
BANF1,O75531,,
BAX,Q07812,,
BAZ1B,Q9UIG0,,
BBS10,Q8TAM1,,
BBS2,Q9BXC9,,
BCAR1,P56945,,
BCAT1,P54687,,
BCHE,P06276,,
BCL11A,Q9H165,,
BCL2A1,Q16548,,
BCL9,O00512,,
BCR,P11274,,
BCS1L,Q9Y276,,
BDNF,P23560,,
BEAN1,Q3B7T3,,
BECN1,Q14457,,
BEST1,O76090,,
BEST3,Q8N1M1,,
BFAR,Q9NZS9,,
BGLAP,P02818,,
BGN,P21810,,
BICC1,Q9H694,,
BID,P55957,,
BIN1,O00499,,
BIRC2,Q13490,,
BIRC3,Q13489,,
BIRC8,Q96P09,,
BLK,P51451,,
BLM,P54132,,
BLVRA,P53004,,
BMI1,P35226,,
BMP2,P12643,,
BMP4,P12644,,
BMP6,P22004,,
BMP7,P18075,,
BMS1,Q14692,,
BNC2,Q6ZN30,,
BNIP3,Q12983,,
RTL10,Q7L3V2,,
BPI,P17213,,
BPIFA1,Q9NP55,,
BPIFA4P,Q86YQ2,,
C6orf89,Q6UWU4,,
BRAP,Q7Z569,,
BRCA1,P38398,,
BRCA2,P51587,,
BRD2,P25440,,
BRD4,O60885,,
BRD9,Q9H8M2,,
BRINP1,O60477,,
BRINP3,Q76B58,,
BRS3,P32247,,
BSCL2,Q96G97,,
BSG,P35613,,
BTC,P35070,,
BTN2A1,Q7KYR7,,
C16orf74,Q96GX8,,
C17orf58,Q2M2W7,,
C1GALT1,Q9NS00,,
C1QL3,Q5VWW1,,
C1QTNF1,Q9BXJ1,,
C1QTNF12,Q5T7M4,,
C1QTNF3,Q9BXJ4,,
C1QTNF5,Q9BXJ0,,
C1QTNF9,P0C862,,
C4A,P0C0L4,,
C4B,P0C0L5,,
C4B_2,P01031,,
C5,Q9P296,,
C5AR2,F2Z3F1,,
C5orf67,Q9BRJ6,,
C7orf50,Q96NL8,,
CFAP418,Q9NS85,,
CA10,P00918,,
CA2,P22748,,
CA4,P35218,,
CA5A,Q13936,,
CACNA1C,Q01668,,
CACNA1D,Q15878,,
CACNA1E,P54284,,
CACNB3,O76075,,
DFFB,P27708,,
CAD,Q05682,,
CALD1,Q8N3J6,,
CADM2,P01258,,
CALCA,P06881,,
CALCA,Q13137,,
CALCOCO2,P30988,,
CALCR,P0DP23,,
CALM1,P27797,,
CALR,Q8IU85,,
CAMK1D,Q9UQM7,,
CAMK2A,Q13555,,
CAMK2G,Q7Z7J9,,
CAMK2N1,Q96RR4,,
CAMKK2,P49913,,
CAMP,Q96JM3,,
CHAMP1,Q9Y6Y1,,
CAMTA1,O75155,,
CAND2,Q01518,,
CAP1,P07384,,
CAPN1,P17655,,
CAPN2,P20807,,
CAPN3,O15484,,
CAPN5,O14815,,
CAPN9,Q9Y2G2,,
CARD8,Q86X55,,
CARM1,Q16568,,
CARTPT,Q6XLA1,,
CASC2,Q8IU53,,
CASC2,P29466,,
CASP1,Q6UXS9,,
CASP12,P55210,,
CASP7,P31415,,
CASQ1,P41180,,
CASR,Q86V15,,
CASZ1,Q03135,,
CAV1,P51636,,
CAV2,P56539,,
CAV3,P27352,,
CBLIF,Q8N7E2,,
CBLL2,P16152,,
CBR1,O75828,,
CBR3,Q8N163,,
CCAR2,Q6ZUS6,,
CCDC149,Q8TD31,,
CCHCR1,P06307,,
CCK,P32238,,
CCKAR,P32239,,
CCKBR,P51671,,
CCL11,O15467,,
CCL16,P13500,,
CCL2,P78556,,
CCL20,O00626,,
CCL22,Q9Y4X3,,
CCL27,Q9NRJ3,,
CCL28,P10147,,
CCL3,P13236,,
CCL4,P13501,,
CCL5,P80098,,
CCL7,P80075,,
CCL8,P29279,,
CCN2,P48745,,
CCN3,O95388,,
CCN4,P30281,,
CCND3,P49736,,
MCM2,Q9UK58,,
CCNL1,Q8N1B3,,
CCNQ,P32246,,
CCR1,P41597,,
CCR2,P51681,,
CCR5,O00421,,
CCRL2,P08571,,
CD14,Q86VB7,,
CD163,Q15762,,
CD226,P20963,,
CD247,Q9NZQ7,,
CD274,Q9Y5K6,,
CD2AP,Q08708,,
CD300C,Q6UXG3,,
CD300LG,P20138,,
CD33,P28906,,
CD34,P16671,,
CD36,P28907,,
CD38,P01730,,
CD4,P29965,,
CD40LG,P16070,,
CD44,P09326,,
CD48,P13987,,
CD59,O43866,,
CD5L,P34810,,
CD68,P60033,,
CD81,P42081,,
CD86,O75794,,
CDC123,P60953,,
CDC42,P55290,,
CDH13,P19022,,
CDH2,Q96JP9,,
CDHR1,Q9UQ88,,
CDK11A,P24941,,
CDK2,P11802,,
CDK4,Q00535,,
CDK5,Q00534,,
CDK6,P50750,,
CDK9,P38936,,
CDKN1A,P46527,,
CDKN1B,P49918,,
CDKN1C,P42771,,
CDKN2A,Q8N726,,
CDKN2A,P42772,,
CDKN2B,Q00526,,
CDK3,Q16667,,
CDKN3,Q99626,,
CDX2,P40198,,
CEACAM3,P06731,,
CEACAM5,Q14002,,
CEACAM7,P49715,,
CEBPA,P17676,,
CEBPB,P19835,,
CEL,Q9UNI1,,
CELA1,P09093,,
CELA3A,Q9BZC1,,
CELF4,Q9NYQ6,,
CELSR1,Q9HCU4,,
CELSR2,P49450,,
CENPA,Q9HC77,,
CENPJ,A8MT69,,
CENPX,Q53EZ4,,
CEP55,Q76N32,,
CEP68,Q9NQ79,,
CRTAC1,Q49MI3,,
CERKL,Q6ZMG9,,
CERS6,P02795,,
MT2A,P23141,,
CES1,P11597,,
CETP,Q6ZQR2,,
CFAP77,Q9P2B7,,
CFAP97,P00751,,
CFB,P00746,,
CFD,P08603,,
CFH,P36980,,
CFHR2,P13569,,
CFTR,P01215,,
CGA,P0DN86,,
CGB3,Q5T1J5,,
CGB5,Q9BRQ6,,
CGB8,Q9HCK8,,
CHCHD2P9,Q8NE62,,
CHCHD6,O96017,,
CHD8,P10645,,
CHDH,P36222,,
CHEK2,Q13231,,
CHGA,P24386,,
CHI3L1,Q9H444,,
CHIT1,P52757,,
CHM,Q8WUD6,,
CHMP4B,P20309,,
CHN2,P43681,,
CHPT1,P30926,,
CHRM3,Q7LGC8,,
CHRNA4,O15111,,
CHRNB4,Q99828,,
CHST3,O60543,,
CHUK,Q96AQ7,,
CIB1,Q8IUL8,,
CIDEA,Q9NZ45,,
CIDEC,P0C7P0,,
CILP2,Q9NSE2,,
CISD1,Q99967,,
CISD3,P12277,,
CISH,P06732,,
CITED2,P51788,,
CKB,P51790,,
CKM,P51795,,
CLCN2,P51801,,
CLCN3,Q8N6F1,,
CLCN5,P30622,,
CLCNKB,Q9UDT6,,
CLDN19,P49760,,
CLIP1,Q9UBY8,,
CLIP2,O15516,,
CLK2,P04118,,
CLN8,P58418,,
CLOCK,P10909,,
CLPS,P23946,,
CLRN1,Q99788,,
CLU,P62633,,
CMA1,Q96KN2,,
CMKLR1,Q96KP4,,
CNBP,P29973,,
CNDP1,Q14028,,
CNDP2,Q9NRU3,,
CNGA1,P21554,,
CNGB1,P34972,,
CNNM1,P26441,,
CNR1,Q9NXG0,,
CNR2,Q13057,,
CNTF,O75128,,
CNTLN,Q53SF7,,
COASY,Q14746,,
COBL,Q9UMD9,,
COBLL1,P39060,,
COG2,P02452,,
COL17A1,P02458,,
COL18A1,P02461,,
COL1A1,P08572,,
COL2A1,P29400,,
COL3A1,P12111,,
COL4A2,P27658,,
COL4A5,P20849,,
COL6A3,Q14055,,
COL8A1,Q14050,,
COL9A1,Q5KU26,,
COL9A2,P49747,,
COL9A3,P21964,,
COLEC12,P53621,,
COMP,P48444,,
COMT,O00230,,
COPA,P23219,,
ARCN1,Q12887,,
CORT,P00403,,
PTGS1,P35354,,
COX10,P13073,,
MT-CO2,P10606,,
PTGS2,P24310,,
COX4I1,P10176,,
COX5B,P00450,,
COX7A1,P15085,,
COX8A,Q8N4T0,,
CP,Q96IY4,,
CPA1,P16870,,
CPA6,Q8NE35,,
CPB2,A4D0V7,,
CPE,O14810,,
CPEB3,Q92523,,
CPED1,P23786,,
CPLX1,P29373,,
CPT1B,P82279,,
CPT2,P16220,,
CRABP2,Q92793,,
CRB1,Q8IUR6,,
CREB1,Q03060,,
CREBBP,P34998,,
CREBRF,P16562,,
CREM,Q9H0B8,,
CRHR1,P46108,,
CRISP2,Q14194,,
CRISPLD2,P02741,,
CRK,Q6UUV9,,
CRMP1,Q53ET0,,
CRP,O43186,,
CRTC1,Q49AN0,,
CRTC2,Q08257,,
CRX,O75390,,
CRY2,Q9Y600,,
CRYZ,P04141,,
CS,P09919,,
CSAD,Q14406,,
CSF2,P09228,,
CSF3,P01034,,
CSHL1,O76096,,
CST2,Q13363,,
CST3,P49711,,
CST7,Q16619,,
CTBP1,P16410,,
CTCF,Q9UI47,,
CTF1,P35222,,
CTLA4,P17538,,
CTNNA3,P40313,,
CTNNB1,P53634,,
CTRB1,P07339,,
CTRL,P09668,,
CTSC,P07711,,
CTSD,Q8WZ74,,
CTSH,O60494,,
CTSL,P39880,,
CTTNBP2,Q13948,,
CUBN,P78423,,
CUX1,P49238,,
CUX1,P78310,,
CX3CL1,P02778,,
CX3CR1,P48061,,
CXADR,O95715,,
CXCL10,Q9H2A7,,
CXCL12,P42830,,
CXCL14,P10145,,
CXCL16,P25024,,
CXCL5,P49682,,
CXCL8,P61073,,
CXCR1,O00574,,
CXCR3,P00167,,
CXCR4,Q8WUJ1,,
CXCR6,Q7L1T6,,
CYB5A,P04839,,
CYB5D2,P05108,,
CYB5R4,P19099,,
CYBB,P05093,,
CYP11A1,P11511,,
CYP11B2,P04798,,
CYP17A1,Q16678,,
CYP19A1,P08686,,
CYP1A1,Q02318,,
CYP1B1,O15528,,
CYP21A2,P11509,,
CYP27A1,P20813,,
CYP27B1,P33260,,
CYP2A6,P33261,,
CYP2B6,P10632,,
CYP2C18,P11712,,
CYP2C19,P10635,,
CYP2C8,P05181,,
CYP2C9,P51589,,
CYP2D6,Q6VVX0,,
CYP2E1,P08684,,
CYP2J2,P20815,,
CYP2R1,Q9Y6A2,,
CYP3A4,Q08477,,
CYP3A5,Q6ZWL3,,
CYP46A1,P22680,,
CYP4F3,Q9UNU6,,
CYP4V2,Q9NUQ9,,
CYP7A1,P00156,,
CYP8B1,Q9NYF0,,
CYRIB,Q14118,,
MT-CYB,Q9UIK4,,
DACT1,O43293,,
DAG1,P14868,,
DAPK2,Q6PI48,,
DAPK3,P09172,,
DARS1,P07108,,
DARS2,Q9UJU6,,
DBH,Q10586,,
DBI,P81605,,
DBNL,Q96SD1,,
DBP,P07585,,
DCD,Q9UJW0,,
DCLRE1C,O43602,,
DCN,O94760,,
DCTN4,O95865,,
DCX,P0DPQ6,,
DDAH1,P35638,,
DDAH2,P30046,,
DDIT3,O00571,,
DDIT3,Q16698,,
DDT,P59665,,
DDX3X,P59666,,
DECR1,P60022,,
DEFA1,P81534,,
DEFA1B,O15263,,
DEFA3,O43583,,
DEFB1,O75140,,
DEFB103A,P17661,,
DEFB103B,Q6ICB0,,
DEFB4A,O75907,,
DEFB4B,Q9Y6T7,,
DENR,Q13574,,
DEPDC5,Q9UBM7,,
DES,Q86SQ9,,
DESI1,Q9UQ10,,
DGAT1,Q92620,,
DGKB,Q8IX18,,
DGKZ,O60879,,
DHCR7,Q9UPY3,,
DHDDS,Q92813,,
DHDH,Q6IC98,,
DHX38,Q9NRI5,,
DHX40,O94907,,
DIAPH2,Q9UBT3,,
DICER1,P63167,,
DIO2,Q96QB1,,
GRAMD4,Q9Y238,,
DISC1,P09622,,
DKK1,O43261,,
DKK4,Q6UYE1,,
DYNLL1,P80370,,
DLC1,O00548,,
DLEC1,Q9NPF5,,
DLD,Q9UGM3,,
DLEU1,P11532,,
DLEU7,Q13316,,
DLK1,Q9Y222,,
DLL1,Q5VZB9,,
DMAP1,Q8WWF6,,
DMBT1,Q9NZQ0,,
DMD,Q13217,,
DMP1,P24855,,
DMTF1,Q8NFT8,,
DMRTA1,O00429,,
DNAJB3,P26358,,
DNAJC27,P04053,,
DNAJC3,Q14184,,
DNASE1,Q8N1I0,,
DNER,Q9P104,,
DNM1L,P27487,,
DNMT1,Q6W0C5,,
DNTT,Q07507,,
DOC2B,Q12882,,
DOCK4,Q14117,,
DOK5,Q8TE96,,
DPP4,P14416,,
DPPA3,P35462,,
DPT,Q8IZU8,,
DPYD,Q9NZW4,,
DPYS,Q9NRD9,,
DQX1,Q9NRD8,,
DRD2,Q9UNI6,,
DRD3,Q9BV47,,
DSEL,Q16828,,
DSPP,Q99956,,
DUOX1,Q13627,,
DUOX2,O43781,,
DUSP12,Q01094,,
DUSP26,Q14213,,
DUSP6,Q15125,,
DUSP9,P0DPD6,,
DYRK1A,Q19T08,,
DYRK3,Q8WWZ3,,
E2F1,P52799,,
EBI3,Q15768,,
EBP,P01133,,
ECE2,P18146,,
ECSCR,P11161,,
EDARADD,Q06889,,
EFNB2,Q9H4M9,,
EFNB3,Q9H9B1,,
EGF,Q96KQ7,,
EGR1,P19525,,
EGR2,Q9NZJ5,,
EGR3,Q9P2K8,,
EHD1,Q13144,,
EHMT1,O00303,,
EHMT2,Q9UBQ5,,
EIF2AK2,Q14240,,
EIF2AK3,Q13541,,
EIF2AK4,Q04637,,
EIF2B5,O60841,,
EIF3F,P08246,,
EIF3K,Q15717,,
EIF4A2,Q12926,,
EIF4EBP1,P41970,,
EIF4G1,Q92556,,
EIF5B,P15502,,
ELANE,Q9NYP7,,
ELAVL1,Q9H5J4,,
ELAVL2,Q8N8S7,,
ELK3,Q6UWT2,,
ELMO1,P06733,,
ELN,P09104,,
ELOVL5,Q8TC92,,
ELOVL6,O43768,,
ENAH,P49961,,
ENHO,O75355,,
ENO1,Q09472,,
ENO2,Q99814,,
ENOX1,P54764,,
ENSA,P54762,,
ENTPD1,P29323,,
ENTPD3,P07099,,
EP300,P34913,,
EPAS1,P01588,,
EPHA4,P11678,,
EPHB1,P19235,,
EPHB2,P04626,,
EPHX1,P21860,,
EPHX2,Q15303,,
EPO,Q4G0M1,,
EPX,P11308,,
EPOR,Q12809,,
ERBB2,Q96HE7,,
ERBB3,Q9BS26,,
ERBB4,Q9UJM3,,
ERFE,O42043,,
ERG,P63123,,
KCNH2,Q9QC07,,
ERO1A,Q9NQ30,,
ERP44,P03372,,
ERRFI1,Q92731,,
ERVK-18,P11474,,
ERVK-18,O95718,,
ERVK-18,P62508,,
ESM1,P13804,,
ESR1,P41162,,
ESR2,P57679,,
ESRRA,Q2M3D2,,
ESRRB,Q96A65,,
ESRRG,Q8TAG9,,
ETFA,Q9Y2C4,,
ETV3,Q9NPD3,,
EVC,Q16394,,
EXOC3L2,Q93063,,
EXOC4,O00167,,
EXOC6,Q5T1H1,,
EXOG,P00734,,
EXOSC4,P25116,,
EXT1,P55085,,
EXT2,O00254,,
EYA2,Q96RI0,,
EYS,P13726,,
F2,P12259,,
F2R,P08709,,
F2RL1,O00519,,
F2RL2,Q7L5A8,,
F2RL3,P07148,,
F3,P12104,,
F5,P05413,,
F7,P15090,,
FAAH,Q01469,,
FA2H,P51161,,
FABP1,O60427,,
FABP2,O95864,,
FABP3,Q9Y5Q0,,
FABP4,Q9UNN5,,
FABP5,Q9BWQ8,,
FABP6,Q3B820,,
FADS1,Q9Y5M1,,
FADS2,P98173,,
FADS3,P58499,,
FAF1,Q92520,,
FAIM2,Q96BQ1,,
FAM161A,Q5VT40,,
FAM215A,Q9BXW9,,
FAM3A,Q12884,,
FAM3B,P48023,,
FAM3C,Q14517,,
FAM3D,P22087,,
FAM78B,Q8WUP2,,
FANCD2,P35555,,
FAP,P35556,,
FASLG,P09467,,
FAT1,Q9HAH7,,
FBL,Q9UJT9,,
FBLIM1,Q9NVF7,,
FBN1,Q9NRD0,,
FBN2,Q969H0,,
FBP1,P31994,,
FBRS,P08637,,
FBXL7,O75015,,
FBXO28,P55899,,
FBXO8,O94868,,
FBXW7,O75636,,
FCGR2B,Q9Y5B0,,
FCGR3A,P22570,,
FCGR3B,Q9UK73,,
FCGRT,Q9UGM5,,
FCHSD2,O14842,,
FCN3,O15552,,
CTDP1,O14843,,
FDXR,Q5NUL3,,
FEM1B,P02675,,
FETUB,P05230,,
FFAR1,Q92914,,
FFAR2,Q92915,,
FFAR3,O95750,,
FFAR4,P09038,,
FGB,Q9GZV9,,
FGF1,Q8TAT2,,
FGF11,P11362,,
FGF14,P22455,,
FGF19,Q08830,,
FGF2,Q14314,,
FGF23,P49789,,
FGFBP3,Q13642,,
FGFR1,Q5TD97,,
FGFR4,Q8N6M3,,
FGL1,Q02790,,
FGL2,Q13451,,
FHIT,Q8NFF5,,
FHL1,Q13045,,
FHL5,P21333,,
FITM2,O75955,,
FKBP4,P41440,,
FKBP5,P17948,,
FLAD1,Q9Y5Y0,,
FLII,P31513,,
FLNA,P02751,,
FLOT1,Q9H479,,
SLC19A1,Q9H6D8,,
FLT1,Q8NAU1,,
FLVCR1,Q04609,,
FMO3,Q9HBA9,,
FN1,P15328,,
FN3K,P14207,,
FNDC4,P01100,,
FNDC5,P15407,,
FOLH1,Q9Y261,,
FOLH1B,P55318,,
FOLR1,Q99958,,
FOLR2,Q9UJU5,,
FOS,Q08050,,
FOSL1,Q12778,,
FOXA2,O43524,,
FOXA3,A8MYZ6,,
FOXC2,Q9H334,,
FOXD3,Q9BZS1,,
FOXM1,A2A2Y4,,
FOXO1,Q5TBA9,,
FOXO3,O14926,,
FOXO6,Q9NQT6,,
FOXP1,Q9BTV5,,
FOXP3,Q9BXM9,,
FRMD3,P19883,,
FRY,O95633,,
FSCN2,Q96AE4,,
FSCN3,Q10981,,
FSD1,P51993,,
FSD1L,Q16595,,
FST,Q96DB9,,
FSTL3,Q9ULV1,,
FUBP1,P27469,,
FUT2,P35575,,
FUT6,Q9NQR9,,
FXN,P11413,,
FXYD5,Q06546,,
FZD4,Q06547,,
G0S2,P48169,,
G6PC1,P18507,,
G6PC2,Q99928,,
G6PD,Q99259,,
GABPA,Q05329,,
GABPB1,Q8TAE8,,
GABRA4,P22466,,
GABRG2,Q8N6F7,,
GABRG3,Q99999,,
GAD1,Q10471,,
GAD2,Q9UBC7,,
GADD45GIP1,O43603,,
GAL,P17677,,
GCSAM,P04406,,
GAL3ST1,Q14393,,
GALNT2,P01350,,
GALP,P23771,,
GALR2,P43694,,
GAP43,Q92908,,
GAPDH,Q86YP4,,
GAS6,P32456,,
GAST,P02774,,
GATA3,P04062,,
GATA4,P38435,,
GATA6,P28676,,
GATAD2A,Q96CN9,,
GBP2,P30793,,
GC,P48506,,
GBA,Q96MZ0,,
GGCX,P27539,,
GCA,O95390,,
GCC1,Q99988,,
GCH1,Q9UK05,,
GCLC,Q9NR23,,
GDAP1L1,P39905,,
GDF1,P55040,,
GDF11,P14136,,
GDF15,P55789,,
GDF2,Q06210,,
GDF3,O94808,,
GDNF,Q9NZ52,,
GEM,O75223,,
GFAP,P19440,,
GFER,P36268,,
GFPT1,Q9BX51,,
GFPT2,B5MD39,,
GGA3,P01241,,
GGCT,P01242,,
GGT1,P10912,,
GGT2P,Q9UBU3,,
GGTLC1,Q92847,,
GGTLC3,Q9NXP7,,
GH1,P09681,,
GH2,P48546,,
GHR,P17302,,
GHRL,P35212,,
GHSR,P48165,,
GIN1,Q9UKL4,,
GIP,P32189,,
GIPR,P06280,,
GJA1,Q9UHE5,,
GJA4,P16278,,
GJA8,Q04760,,
GJD2,O95838,,
GK,P35754,,
GLA,Q86SX6,,
NAT8,O94925,,
GLB1,P15104,,
GLO1,Q49A26,,
GLP2R,Q96IK5,,
GLRX,Q8NEA9,,
GLRX5,P09471,,
GLS,Q8TDQ7,,
GLUL,Q96EK6,,
GLYR1,Q9NYA3,,
GMCL1,Q14789,,
GMCL2,Q9HD26,,
GNAO1,Q5T7V8,,
GNPDA2,Q9BQQ3,,
GNPNAT1,Q9H8Y8,,
GOLGA6A,P00505,,
GOLGB1,Q9HCN6,,
GOPC,Q86UL3,,
GORAB,Q8TDU6,,
GORASP1,O75487,,
GORASP2,P78333,,
GOT2,P21695,,
GP6,Q99527,,
GPAT4,P06744,,
GPBAR1,Q8IV16,,
GPC4,P51674,,
GPC5,P46091,,
GPD1,Q8TDV5,,
GPER1,Q9UNW8,,
GPI,Q7Z601,,
GPIHBP1,Q8TDV0,,
GPM6A,Q5T848,,
CMKLR2,Q99679,,
GPR119,Q9HC97,,
GPR132,O43194,,
GPR142,O15529,,
GPR151,Q9Y2T6,,
GPR158,Q9BZJ8,,
GPR21,Q9NZH0,,
GPR35,Q5T6X5,,
GPR39,Q13227,,
GPR42,Q86YR5,,
GPR55,P24298,,
GPR61,Q8TD30,,
GPRC5B,P22352,,
GPRC6A,Q96HH9,,
GPS2,O75791,,
GPSM1,Q13322,,
GPT,P62993,,
GPT2,O60565,,
GPX3,P25098,,
GRAMD2B,P34947,,
GRAP2,P28799,,
GRB10,P56915,,
GRB2,P49841,,
GREM1,P06396,,
GRK2,P00390,,
GRK5,P08263,,
GRN,O15217,,
GSC,Q9Y2Q3,,
GSK3B,P09211,,
GSN,P30711,,
GSR,P32780,,
GSTA1,P78347,,
GSTA4,Q9UHL9,,
GSTK1,Q92664,,
GSTP1,Q9UMX6,,
GSTT1,P46976,,
GTF2H1,P13807,,
GTF2I,P10144,,
GTF2IRD1,O95479,,
GTF3A,B0YJ81,,
GUCA1B,Q9P035,,
GYG1,P40939,,
GYS1,Q16836,,
GZMB,P81172,,
H6PD,P12081,,
HACD1,O00219,,
HACD3,Q96D42,,
HADHA,P69905,,
HADH,Q8TDS4,,
HAMP,P53701,,
HARS1,Q9UL51,,
HAS3,O43612,,
HAVCR1,O15379,,
HBA1,P56524,,
HBA2,Q8WUI4,,
HCAR2,Q9UKV0,,
HCCS,Q00341,,
HCN2,Q9NRV9,,
HCRT,Q9Y4D8,,
HDAC3,Q9BXL5,,
HDAC4,Q9BQS7,,
HDAC7,A0A0B4J2D5,,
HDAC9,Q14469,,
HDLBP,Q30201,,
HEBP1,P14210,,
HECTD4,O14964,,
HEMGN,Q68CP4,,
HEPH,Q96QV1,,
GATD3B,Q16665,,
HES1,Q9H422,,
HFE,P54198,,
HGF,P31629,,
HGS,P52789,,
HGSNAT,P04439,,
HHIP,P28067,,
HIF1A,P28068,,
HIPK3,P06340,,
HIRA,P13765,,
HIVEP2,P04440,,
HK2,P01909,,
HLA-A,P01906,,
HLA-DMA,P01920,,
HLA-DMB,P05538,,
HLA-DOA,P01903,,
HLA-DOB,P01911,,
HLA-DPB1,Q16534,,
HLA-DQA1,P08397,,
HLA-DQA2,P52926,,
HLA-DQB1,P09429,,
HLA-DQB2,P04035,,
HLA-DRA,P09651,,
HLA-DRB1,P52597,,
HLF,P61978,,
HMBS,Q86YM7,,
HMGA2,Q96ED9,,
HMGB1,Q86X24,,
HMGCR,Q8N7B1,,
HNRNPA1,P20719,,
HNRNPF,O60760,,
HNRNPK,Q9Y251,,
HOMER1,P01112,,
HOOK2,P23327,,
HORMAD1,Q8IZP7,,
HORMAD2,P28845,,
HOXA5,P80365,,
HPGDS,Q99714,,
HPSE,Q53GQ0,,
HRAS,Q7Z5P4,,
HRC,P37058,,
HS6ST3,O14756,,
HSD11B1,P14060,,
HSD11B2,P07900,,
HSD17B10,P14625,,
HSD17B12,Q0VDF9,,
HSD17B13,P0DMV8,,
HSD17B3,P0DMV9,,
HSD17B6,P54652,,
HSD3B1,P34932,,
HSP90AA1,P11021,,
HSP90B1,P38646,,
HSPA14,P04792,,
HSPA1A,Q16082,,
HSPA1B,Q12988,,
HSPA2,Q9UJY1,,
HSPA4,P10809,,
HSPA5,P98160,,
HSPA9,P15515,,
HSPB1,P28223,,
HSPB2,P41595,,
HSPB3,P28335,,
HSPB8,O95264,,
HSPD1,Q13639,,
HSPG2,Q9Y4L1,,
HTN1,P41252,,
HTR2A,P32942,,
HTR2B,Q9Y6W8,,
HTR2C,O75144,,
HTR3B,P14735,,
HTR4,P50213,,
HYOU1,O43837,,
IARS1,P13284,,
ICAM3,P01562,,
ICOS,P01579,,
ICOSLG,Q8IZI9,,
IDE,Q96RY7,,
IDH3A,Q9UG01,,
IDH3B,Q13099,,
IFI30,P05019,,
IFNA1,P08069,,
IFNA13,P01344,,
IFNG,Q6U949,,
IFNL3,Q9NZI8,,
IFT140,O00425,,
IFT172,P11717,,
IFT88,P35858,,
IGF1,P08833,,
IGF1R,P18065,,
IGF2,P17936,,
IGF2-AS,P22692,,
IGF2BP1,P24593,,
IGF2BP3,Q96ID5,,
IGF2R,Q13123,,
IGFALS,O14920,,
IGFBP1,P22301,,
IGFBP2,P29459,,
IGFBP3,P29460,,
IGFBP4,P35225,,
IGFBP5,P40933,,
IGSF21,Q13261,,
IK,Q14005,,
IKBKB,Q16552,,
IL10,Q9UHF5,,
IL12A,Q8TAD2,,
IL12B,Q6ZVW7,,
IL13,Q14116,,
IL15,Q13478,,
IL15RA,P01583,,
IL16,P01584,,
IL17A,P14778,,
IL17B,P18510,,
IL17D,P60568,,
IL17REL,Q9NYY1,,
IL18,Q9GZX6,,
IL18R1,Q9NPF7,,
IL1A,Q5VWK5,,
IL1B,Q8NEV9,,
IL1R1,P01589,,
IL1RN,P08700,,
IL2,P24001,,
IL20,O95760,,
IL22,Q9NZH6,,
IL23A,P05112,,
IL23R,P24394,,
IL27,P05113,,
IL2RA,P05231,,
IL3,P08887,,
IL32,P40189,,
IL33,P13232,,
IL37,Q13418,,
IL4,Q96T52,,
IL4R,P29218,,
IL5,Q9P2X3,,
IL6,P20839,,
IL6R,Q9BZV3,,
IL6ST,P58166,,
IL7,F8WCM5,,
ILK,O15503,,
IMMP2L,P14616,,
IMPA1,Q75QN2,,
IMPACT,Q9ULD6,,
IMPDH1,Q92551,,
IMPG2,Q9UI26,,
INHBE,P51617,,
INS-IGF2,Q9NWZ3,,
INSIG1,O14654,,
INSRR,P78415,,
INTS8,Q96AZ6,,
INTU,P61371,,
IP6K1,Q9NPH2,,
IPO11,P17301,,
IRAK1,P08514,,
IRAK4,P11215,,
IRS4,P20702,,
IRX3,O14713,,
ISG20,P05107,,
ISL1,Q9Y287,,
ISYNA1,Q9Y6Y0,,
ITGA2,P23458,,
ITGA2B,O60674,,
ITGAM,Q15652,,
ITGAX,Q8WXH2,,
ITGB1BP1,O75564,,
ITGB2,O60229,,
ITM2B,Q9H7Z6,,
IVNS1ABP,Q14721,,
JAK1,Q03721,,
JAK2,Q9UK17,,
JMJD1C,Q9Y6J6,,
JPH3,Q9NZI2,,
JRK,P48048,,
KALRN,P78508,,
KAT8,Q99712,,
KCNB1,P48549,,
KCNC4,P48050,,
KCND3,P48051,,
KCNE2,Q92806,,
KCNIP1,O14649,,
KCNJ1,Q12791,,
KCNJ10,Q16558,,
KCNJ15,Q9H2S1,,
KCNJ3,Q9UGI6,,
KCNJ4,O43525,,
KCNJ6,Q719H9,,
KCNJ9,Q96SI1,,
KCNK3,O60341,,
KCNMA1,P35968,,
KCNMB1,Q14145,,
KCNN2,P23276,,
KCNN3,Q07666,,
KCNQ3,Q92945,,
KCTD1,Q9HCM3,,
KCTD15,Q9ULH0,,
KDM1A,P52732,,
KDR,Q96Q89,,
KEAP1,Q6ZMV9,,
KEL,Q9HAQ2,,
KHDRBS1,Q96EK5,,
KHSRP,Q14954,,
KIAA1549,P43629,,
KIDINS220,P43630,,
KIF11,Q15726,,
KIF20B,Q2M2Z5,,
KIF6,Q86Z14,,
KIF9,Q13118,,
KIFBP,O14901,,
KIR2DS1,Q9UIH9,,
KIR3DL1,Q9Y5W3,,
KIR3DL2,O43474,,
KISS1,Q13887,,
KIZ,O75840,,
KLB,Q5VTJ3,,
KLF10,Q9UH77,,
KLF11,Q9P2K6,,
KLF15,Q8IXQ5,,
KLF2,P06870,,
KLF4,P03952,,
KLF5,P07288,,
KLF7,Q9Y337,,
KLHDC7A,P26718,,
KLHL3,P01042,,
KLHL42,P52294,,
KLHL7,P08779,,
KLK1,P05783,,
KLKB1,P08727,,
KLK3,Q15323,,
KLK5,P08729,,
KLRK1,P32004,,
KNG1,Q96JM7,,
KPNA1,O00515,,
KRT16,P25391,,
KRT18,Q13751,,
KRT19,Q13753,,
KRT31,P11279,,
KRT7,P13473,,
L1CAM,O95461,,
L3MBTL3,Q9BRS8,,
LAD1,Q9P2J5,,
LAMA1,Q15031,,
LAMB3,P18428,,
LAMC2,P31025,,
LAMP1,P80188,,
LAMP2,P00338,,
LARGE1,P01130,,
LARP6,O14960,,
LARS1,Q6ZMV7,,
LARS2,P09382,,
LBP,P17931,,
LCN1,Q9BXB1,,
LCN2,O75473,,
LDHA,Q9HBX8,,
LDLR,O43766,,
LECT2,P15018,,
LEKR1,P49917,,
LGALS1,Q8NHL6,,
LGALS3,P53667,,
LGR4,Q9H9Z2,,
LGR5,Q9NUP9,,
LGR6,A0A455ZAR2,,
LIAS,P0C7V0,,
LIF,Q86TU6,,
LIG4,Q8NAA6,,
LILRB1,Q7L985,,
LIMK1,P38571,,
LIN28A,Q05469,,
LIN7C,Q9Y5X9,,
LINC-PINT,Q99732,,
AHI1-DT,P02545,,
LINC00523,Q8TE12,,
LINC02694,Q9UIQ6,,
LINGO2,P28300,,
LIPA,Q9Y4K0,,
LIPE,P08519,,
LIPG,Q16609,,
LITAF,Q92633,,
LMNA,Q9HBW0,,
LMX1A,Q9UBY5,,
LNPEP,Q14693,,
LOX,Q92539,,
LOXL2,P06858,,
LPA,Q93052,,
LPAL2,O95237,,
LPAR1,Q9ULH4,,
LPAR2,P02750,,
LPAR3,Q96M69,,
LPIN1,Q9H2I8,,
LPIN2,Q07954,,
LPL,Q9Y561,,
LPP,P98164,,
LRAT,O75197,,
LRFN2,O75581,,
LRG1,P42704,,
LRGUK,Q86X29,,
LRMDA,P01374,,
LRP1,P36941,,
LRP12,P02788,,
LRP2,O60449,,
LRP5,Q9HBG7,,
LRP6,Q9Y6Y9,,
LRPPRC,O75608,,
LSR,Q5VWZ2,,
LTA,P61626,,
LTF,Q8WXG6,,
LY75,Q8NHW3,,
LY9,Q96E93,,
LY96,Q9Y5Q3,,
LYPLA1,O60675,,
LYPLAL1,Q8TD91,,
LYZ,Q96JG8,,
MACF1,Q9HCI5,,
MADD,Q9UBF1,,
MAFA,Q86UL8,,
KLRG1,P20794,,
MAFB,Q96L96,,
MAFK,Q9UDY8,,
MAGEC3,P33908,,
MAGED4,Q16706,,
MAGED4B,P55145,,
MAGEE1,P21397,,
MAGEC2,Q9H492,,
MAGI2,O14733,,
MAK,Q99683,,
ALPK3,P41279,,
MALT1,O95819,,
MAN1A1,Q9Y4K4,,
MAN2A1,Q96JE9,,
MANF,P28482,,
MAOA,Q16539,,
MAP1LC3A,P27361,,
MAP2K7,Q13164,,
MAP3K5,P45983,,
MAP3K8,P45984,,
MAP4K4,P10636,,
MAP4K5,Q8TCQ1,,
MAP6,Q5T0T0,,
MAPK1,Q7KZI7,,
MAPK14,Q96L34,,
MAPK3,P04201,,
MAPK7,P48740,,
MAPK8,P61244,,
MAPK9,P02144,,
MAPT,P11226,,
MARCHF1,Q9NR56,,
MARCHF8,Q96T53,,
MARK2,Q96N66,,
MARK4,P02686,,
MAS1,P13727,,
MASP1,Q14703,,
MAX,P41968,,
MB,P32245,,
MBL2,P33032,,
MBNL1,Q8IVS2,,
MBOAT4,P23508,,
MBOAT7,D6RGH6,,
MBP,Q14566,,
PRG2,Q9ULC4,,
MBTPS1,Q00987,,
MC3R,P48163,,
MC4R,A0JLT2,,
MC5R,Q9ULK4,,
MCAT,Q71SY5,,
MCC,Q9NWA0,,
MCIDAS,Q02078,,
MCM6,Q06413,,
MCTS1,O15553,,
MDM2,Q9NQ76,,
ME1,Q12866,,
MED19,P08581,,
MED23,Q9NWH9,,
MED25,P50579,,
MED9,Q9UJH8,,
MEF2A,Q641Q3,,
MEF2C,Q86U44,,
MEFV,Q9H1A3,,
MEPE,P55081,,
MERTK,P55001,,
MET,O95140,,
SLTM,Q9BY79,,
METAP2,Q8NBP5,,
METRN,O43451,,
METRNL,Q10469,,
METTL3,Q9UM21,,
METTL9,Q9UBM8,,
MFAP1,Q99685,,
MFAP2,P08493,,
MFN2,O14880,,
MFRP,Q29983,,
MFSD9,Q8N108,,
MGAM,P14174,,
MGAT2,Q8N5J2,,
MGAT4A,Q9H2W2,,
MGAT4C,P46013,,
MGLL,Q8NB16,,
MGP,Q9UH92,,
MGST3,Q9HAP2,,
MICA,Q9NP71,,
MIER1,O95822,,
MIF,Q96EY8,,
MINDY1,P08473,,
MIXL1,P03956,,
MKI67,P39900,,
MLKL,P45452,,
MLX,P50281,,
MLXIP,P08253,,
MLXIPL,Q9NRE1,,
MLYCD,P08254,,
MMAB,P09237,,
MME,P22894,,
MMP1,P14780,,
MMP12,P50219,,
MMP13,Q70IA6,,
MMP14,Q96EN8,,
MMP2,Q16653,,
MMP26,Q3SYC2,,
MMP3,O00566,,
MMP7,Q99550,,
MMP8,P34949,,
MMP9,P05164,,
MNX1,P25325,,
MOB2,P22897,,
MOCOS,Q96LB2,,
MOG,Q96LB0,,
MOGAT2,Q96LA9,,
MPHOSPH10,P52815,,
MPHOSPH9,P82673,,
MPI,Q9Y2Q9,,
MPO,Q9HD23,,
MPST,O60682,,
MRC1,P43246,,
MRGPRX1,P20585,,
MRGPRX3,O43196,,
MRGPRX4,Q96DH6,,
MRPL12,Q15800,,
MRPS35,P26927,,
MRPS28,Q13043,,
MRS2,O14793,,
MSC,P35548,,
MSH2,P04731,,
MSH3,P07438,,
MSH5,P04732,,
MSI2,P04733,,
MSMO1,P13640,,
MST1,P80294,,
STK4,Q93083,,
MSTN,Q8N339,,
MSX2,P80297,,
MT1A,P11586,,
MT1B,P42898,,
MT1E,Q13615,,
MT1F,Q9Y216,,
MT1G,P48039,,
MT1H,P42345,,
MT1L,P58546,,
MT1M,Q99707,,
MT1X,Q9UBK8,,
MTHFD1,O43312,,
MTHFR,P55157,,
MTMR3,P15941,,
MTNR1A,Q969V5,,
MTOR,O15146,,
MTPN,Q9UIF7,,
MTR,Q05195,,
MTRR,Q99417,,
MTSS1,Q99836,,
MTTP,Q969H8,,
MUC1,P13349,,
MUC5B,P13533,,
MUL1,P35579,,
MUSK,P10916,,
MUTYH,Q8WY64,,
MXD1,Q15746,,
MYCBP,Q9Y4I1,,
MYD88,P54802,,
MYDGF,P43490,,
MYF5,Q9NR45,,
MYH6,Q9H0A0,,
MYH9,P11245,,
MYL2,Q6N069,,
MYLIP,Q9H2H9,,
MYLK,A2RRP1,,
MYO5A,Q6ZNJ1,,
NAGLU,P13591,,
NAMPT,P14598,,
NANS,Q9HCD5,,
NAT10,Q14686,,
NAT2,O75376,,
NAA16,Q9Y618,,
SLC38A1,O76036,,
NBAS,P62166,,
NBEAL2,P03886,,
NCAM1,P03905,,
NCF1,P03915,,
NCOA5,P03923,,
NCOA6,Q9UI09,,
NCOR1,Q330K2,,
NCOR2,O43181,,
NCR1,Q92692,,
NCS1,P07196,,
MT-ND1,Q7Z3B1,,
MT-ND4,Q96FI4,,
MT-ND5,Q8TAT5,,
MT-ND6,P51955,,
NDUFA12,Q9HD90,,
NDUFAF6,Q9Y4Z2,,
NDUFS4,P35240,,
NECTIN2,O94916,,
NEFL,O95644,,
NEGR1,Q14494,,
NEIL1,Q16236,,
NEIL3,P25963,,
NEK2,Q9UBC1,,
NEUROD4,Q9BYH8,,
NEUROG3,P23511,,
NF2,P25208,,
NFAT5,Q13952,,
NFATC1,P01138,,
NFE2L1,P08138,,
NFE2L2,Q6T4R5,,
NFKBIA,Q9GZT8,,
NFKBIL1,Q8N8Q9,,
NFKBIZ,Q9Y2I1,,
NFYA,Q8N2Q7,,
NFYB,Q9NZ94,,
NFYC,Q96P20,,
NGF,P59044,,
NGFR,Q86UT6,,
NHS,P15531,,
NIF3L1,P48645,,
NIPA2,P40261,,
NISCH,Q9Y239,,
NLGN1,Q9HC29,,
NLGN3,Q13253,,
NLRP3,P29475,,
NLRP6,Q8WY41,,
NLRX1,O75052,,
NME1,P46531,,
NMU,Q9NPH5,,
NNMT,Q8IUM7,,
NOD1,O15118,,
NOD2,Q9UHC9,,
NOG,P61916,,
NOS1,P55786,,
NANOS1,O60500,,
NOS1AP,P06748,,
NOTCH1,P01160,,
NOX4,P16860,,
NPAS4,P16066,,
NPC1,P20594,,
NPC1L1,P17342,,
NPC2,Q12980,,
NPEPPS,P0C0P6,,
NPHS1,O95502,,
NPM1,P01303,,
NPPA,P49146,,
NPPB,P15559,,
NPR1,Q15466,,
NPR2,P20393,,
NPR3,P55055,,
NPRL3,Q13133,,
NPS,Q96RI1,,
NPTXR,O75469,,
NPY,Q14994,,
NPY2R,P49116,,
NQO1,Q9Y466,,
NR0B2,Q9Y5X4,,
NR1D1,P04150,,
NR1H2,P08235,,
NR1H3,P22736,,
NR1H4,P43354,,
NR1I2,Q92570,,
NR1I3,Q13285,,
NR2C2,Q16656,,
NR2E1,Q02297,,
NR2E3,Q8WWG1,,
NR3C1,Q7Z2Y5,,
NR3C2,P54845,,
NR4A1,P58400,,
NR4A2,Q9ULB1,,
NR4A3,Q9HDB5,,
NR5A1,Q9Y4C0,,
NRF1,O95478,,
NRG1,Q96L73,,
NRG4,O96028,,
NRK,P42857,,
NRL,P49902,,
NRXN1,Q9H0P0,,
NRXN1,O95631,,
NRXN3,P04629,,
NRXN3,Q16620,,
NSA2,Q16288,,
NSD1,P30990,,
NSD2,Q02818,,
NSG1,P80303,,
NT5C2,P53370,,
NT5C3A,P37198,,
NTN1,O60356,,
NTRK1,P61970,,
NTRK2,P00973,,
NTRK3,Q9Y6K5,,
NTS,Q15646,,
NUCB1,Q04671,,
NUCB2,O75665,,
NUDT6,O60502,,
NUP62,P20774,,
NUPR1,O15294,,
NUTF2,Q6UX06,,
OAS1,Q8TAK6,,
OAS3,Q13516,,
OASL,P78380,,
OCA2,P23515,,
OFD1,Q9UBC0,,
OGA,O60313,,
OGN,P04001,,
OGT,P0DN77,,
OLFM4,P0DN78,,
OLIG1,P03999,,
OLIG2,Q9UHM6,,
OLR1,P35372,,
OMG,Q9H209,,
ONECUT1,Q9H205,,
OPA1,Q96D31,,
OPN1MW,Q9BXW6,,
OPN1MW2,Q9H4L5,,
OPN1MW3,Q9BZF2,,
OPN1SW,Q9BZF1,,
OPN4,P13725,,
OPRM1,P55809,,
OR10A4,Q8TDS5,,
OR2AG1,P51575,,
ORAI1,Q9UBL9,,
OSBPL1A,P56373,,
OSBPL3,Q99571,,
OSBPL7,Q93086,,
OSBPL8,O15547,,
OSM,Q99572,,
OXCT1,P47900,,
OXER1,Q9H244,,
P2RX1,P41231,,
P2RX2,P07237,,
P2RX3,Q13310,,
P2RX4,Q9ULC6,,
P2RX5,Q9UM07,,
P2RX6,P09466,,
P2RX7,O75459,,
P2RY1,Q13153,,
P2RY12,Q16512,,
P2RY2,Q9ULE6,,
P4HB,Q8WX93,,
PABPC4,Q96RD7,,
PADI1,Q13219,,
PADI4,O95340,,
PAEP,Q9H300,,
PAGE1,P09874,,
PAK1,Q96IZ0,,
PKN1,P40424,,
PALD1,Q9BYU1,,
PALLD,P11498,,
PANX1,A6NGG8,,
PAPPA,P61457,,
PAPSS2,O95206,,
PARL,P35558,,
PARP1,Q16822,,
PAWR,P12004,,
PBX1,O95613,,
PBX4,A6NKB5,,
PC,Q15113,,
PCARE,Q9UKZ9,,
PCBD1,P29120,,
PCDH8,P29122,,
PCK1,Q16549,,
PCK2,Q8NBP7,,
PCNA,P49585,,
PCNT,Q13442,,
PCNX2,P20941,,
PCOLCE,Q15116,,
PCOLCE2,Q13370,,
PCSK1,Q08499,,
PCSK6,O76074,,
PCSK7,P16499,,
PCSK9,P35913,,
PCYT1A,P18545,,
PDAP1,P01127,,
PDC,P09619,,
PDCD1,P11177,,
PDE3B,Q13087,,
PDE4D,Q8N165,,
PDE5A,Q8N807,,
PDE6A,Q15119,,
PDE6B,Q16654,,
PDE6G,Q53GG5,,
PDGFB,Q96HC4,,
PDGFRB,Q86YH6,,
PDHB,Q15121,,
PDIA2,P16284,,
PDIK1L,Q9GZU2,,
PDILT,Q96FA3,,
PDK2,Q9BRX2,,
PDK4,Q9UBM1,,
PDLIM3,O15534,,
PDLIM5,O15055,,
PDSS2,P56645,,
PEA15,A0A1W2PR82,,
PECAM1,O00541,,
PEG3,O60683,,
PELI1,Q9Y5Y5,,
PELO,Q8IYB4,,
PEMT,Q9UHV9,,
PER1,O60825,,
PER2,Q16875,,
PER3,P08237,,
PERCC1,P20142,,
PES1,P49763,,
PEX10,P36871,,
PEX16,A6NDG6,,
PEX5L,P06401,,
PFDN2,P35232,,
PFKFB2,Q8IWS0,,
PFKFB3,O60346,,
PFKM,Q8TCT1,,
PGC,O14813,,
PGF,O75925,,
PGM1,Q13492,,
PGP,Q9H5I5,,
PGR,Q8TCI5,,
PHB1,O00443,,
PHF6,O75747,,
PHLPP1,Q8NEB9,,
PHOSPHO1,P42336,,
PHOX2A,P42338,,
PIAS1,O00329,,
PICALM,P48736,,
PIEZO2,P27986,,
PIFO,Q86V86,,
PIK3C2A,Q13526,,
PIK3C2G,Q9BXM7,,
PIK3C3,Q96BK5,,
PIK3CA,Q9UKF7,,
PIK3CB,Q9BZ72,,
PIK3CD,Q96J94,,
PIK3CG,Q7Z3Z4,,
PIK3R1,P98161,,
PIM3,Q15139,,
PIN1,P30613,,
PINK1,P14618,,
PINX1,P55347,,
PITPNC1,O15496,,
PITPNM2,P04054,,
PIWIL1,P14555,,
PIWIL4,P47712,,
PKD1,O60733,,
PRKD1,Q13093,,
PKLR,Q6DJT9,,
PKM,Q9UM63,,
PKNOX1,P00750,,
PLA2G10,Q01970,,
PLA2G1B,P51178,,
PLA2G2A,P19174,,
PLA2G4A,Q13393,,
PLA2G6,P08567,,
PLA2G7,O94827,,
PLAG1,P00747,,
PLAGL1,O60240,,
PLAT,Q99541,,
PLCB3,Q00G26,,
PLCD1,P53350,,
PLCG1,P26678,,
PLD1,P55058,,
PLEK,O75051,,
PLEKHG5,Q13794,,
PLG,P29590,,
PLIN1,O15305,,
PLIN2,P16233,,
PLIN5,Q96AD5,,
PLK1,Q9NST1,,
PLN,Q8IY17,,
PLTP,Q8NA72,,
PLXNA2,O00592,,
PMAIP1,Q9Y2S7,,
PML,O14802,,
PMM2,P01189,,
PNLIP,Q8WZA1,,
PNPLA2,P27169,,
PNPLA3,Q15165,,
PNPLA6,P16435,,
POC5,Q15063,,
PODXL,Q9BYX7,,
POLDIP2,A6NI47,,
POLR3A,P14859,,
POMC,P09086,,
POMGNT1,Q9UKI9,,
PON1,Q03052,,
PON2,Q01860,,
POR,Q03181,,
POSTN,Q86YN6,,
POTEKP,P62937,,
POTEM,Q13427,,
POU2F1,Q8IXY8,,
POU2F2,Q8N3J5,,
POU2F3,Q8WUF5,,
POU3F1,Q9UD71,,
POU5F1,P41236,,
PPARD,Q86XI6,,
PPARGC1B,Q9UQK1,,
PPIA,P67775,,
PPIG,Q9Y2T4,,
PPIL6,O43663,,
PPM1K,Q00LT1,,
PPP1R13L,Q9HAZ2,,
PPP1R1B,Q9NQX0,,
PPP1R2,Q06830,,
PPP1R3B,P32119,,
PPP1R3C,Q9HCU5,,
PPP2CA,Q8TCU6,,
PPP2R2C,P49643,,
PRC1,Q13131,,
PRCD,P54646,,
PRDM16,Q9Y478,,
PRDM6,O43741,,
PRDX1,Q9UGJ0,,
PRDX2,P10644,,
PREB,P17252,,
PREX1,Q05655,,
PRIM2,Q02156,,
PRKAA1,P41743,,
PRKAA2,Q05513,,
PRKAB1,Q13976,,
PRKAB2,O60260,,
PRKAG2,P01236,,
PRKAR1A,Q99873,,
PRKCA,Q9UNN8,,
PRKCD,Q9HC23,,
PRKCE,O43490,,
PRKCI,P07225,,
PRKCZ,O43395,,
PRKG1,Q8WWY3,,
PRKN,O43172,,
PRL,O94906,,
PRMT1,Q6P2Q9,,
PROCR,P23942,,
PROK2,Q6MZQ0,,
PROM1,P48634,,
PROS1,Q7Z6L0,,
PRPF3,P54821,,
PRPF31,Q6UWB4,,
PRPF4,P24158,,
PRPF6,Q9Y617,,
PRPF8,Q9NYI0,,
PRPH2,P49768,,
PRR5L,P11465,,
PRRC2A,P60900,,
PRRT2,O14818,,
PRRX1,P28072,,
PRSS55,Q13200,,
PRTN3,O43242,,
PSAT1,O00233,,
PSD3,P25105,,
PSEN1,P26599,,
PSG2,P60484,,
PSMA6,Q7RTS3,,
PSMA7,Q9Y5Y4,,
PSMB6,P41222,,
PSMD2,P43115,,
PSMD3,Q9H7Z7,,
PSMD9,Q9P2B2,,
PTAFR,P01270,,
PTBP1,Q03431,,
PTEN,Q14289,,
PTF1A,P06454,,
PTGDR2,P18433,,
PTGDS,Q15257,,
PTGER3,Q06124,,
PTGES2,P17706,,
PTGFRN,Q9Y2R2,,
PTH,Q9H3S7,,
PTH1R,P29074,,
PTK2B,P54829,,
PTMA,P29350,,
PTPRA,P43378,,
PTPA,P23467,,
PTPN11,P08575,,
PTPN2,P23468,,
PTPN22,P10586,,
PTPN23,Q16849,,
PTPN4,Q92932,,
PTPN5,Q13332,,
PTPN6,O14522,,
PTPN9,Q92729,,
PTPRB,O75364,,
PTPRC,P26022,,
PTPRD,Q9UJV8,,
PTPRF,P20472,,
PTPRN,Q9ULZ3,,
PTPRN2,P11216,,
PTPRS,P10082,,
PTPRT,Q9H0R6,,
PTPRU,Q9H3Y0,,
PITX3,P62491,,
PTX3,P61106,,
PURG,Q9NP72,,
PVALB,P51159,,
PYCARD,Q15042,,
PYGB,P20338,,
PYY,P61020,,
QRSL1,P63000,,
R3HDML,O60671,,
RAB11A,P15918,,
RAB14,Q7Z5J4,,
RAB18,Q9UKM9,,
RAB27A,O60895,,
RAB3GAP1,P46060,,
RAB4A,Q13905,,
RAB5B,Q92565,,
RAC1,Q13702,,
RAD1,P10826,,
RAG1,Q99969,,
RAI1,Q9Y272,,
RALY,O95267,,
RAMP2,Q96PK6,,
RANGAP1,Q9Y4C8,,
RAPGEF1,Q8IUH3,,
RAPGEF5,P78332,,
RAPSN,P29558,,
RARB,P10745,,
RARRES2,P02753,,
RASD1,Q06330,,
RASGRP1,Q9UBG7,,
RBM14,P53805,,
RBM19,Q8NDN9,,
RBM45,Q14257,,
RBM6,Q96NR8,,
RBMS1,Q96HR9,,
RBP3,P05451,,
RBP4,P48304,,
RBPJ,Q06141,,
RBPJL,Q04864,,
RCAN1,P78509,,
RCBTB1,O75628,,
RCN2,P00797,,
RDH12,Q693B1,,
REEP6,P51606,,
REG1A,O60673,,
REG1B,P35251,,
REG3A,P35250,,
REL,Q6ZTI6,,
RELN,Q8HWS3,,
REM1,Q2KHR2,,
REN,Q9H4X1,,
KCTD11,P47804,,
RENBP,Q8IZJ4,,
REV3L,O14921,,
RFC1,Q9NS28,,
RFC2,P49802,,
RFLNA,P08100,,
RFX6,P61586,,
RFX7,O94844,,
RGCC,O00212,,
RGR,Q8IXI2,,
RGL4,O43353,,
RGS13,Q99578,,
RGS18,P12271,,
RGS7,Q96DM3,,
RHO,Q6P5S7,,
RHOA,P61587,,
RHOBTB1,Q8N5U6,,
RHOD,Q9NV58,,
RHOT1,O60930,,
RIPK2,P13489,,
RIT2,Q5VYX0,,
RLBP1,Q96LT9,,
RMC1,Q8WZ75,,
RNASEK,Q13464,,
RND3,Q03395,,
RNF10,P60602,,
RNF19A,Q92753,,
RNASEH1,P51449,,
RNH1,P08922,,
RNLS,P49842,,
RNPC3,P56715,,
ROBO4,Q15555,,
ROCK1,O75695,,
ROM1,Q8TA86,,
ROMO1,Q96AT9,,
RORB,Q16518,,
RORC,Q92834,,
ROS1,Q68CZ1,,
STK19,P50914,,
RP1,P47914,,
MAPRE2,P04844,,
RP2,P39019,,
RP9,Q15349,,
RPE,P51812,,
RPE65,P23443,,
RPGR,P55042,,
RPGRIP1L,P10301,,
RPL14,Q92766,,
RPL29,Q16799,,
RPN2,Q86UN2,,
RPS19,Q01196,,
RPS6KA2,Q13950,,
RPS6KA3,Q13761,,
RPS6KB1,P19793,,
RRAD,P48443,,
RRAS,P80511,,
RREB1,P26447,,
RTN1,P05109,,
RTN4RL1,P06702,,
RUNX1,P04271,,
RUNX2,P0DJI8,,
RUNX3,P0DJI9,,
RXRA,Q9NTJ5,,
RXRG,P10523,,
S100A12,Q9UBF6,,
S100A4,Q9NXZ1,,
S100A8,Q8N8I0,,
S100A9,Q9Y512,,
S100B,Q9UL12,,
SAA1,Q15020,,
SAA2,P21673,,
SACM1L,Q9H2B4,,
SAG,A3KN83,,
RNF7,Q9Y2G9,,
SAGE1,Q9BY12,,
SAMD12,Q8WTV0,,
SAMM50,O00767,,
SARDH,Q86SK9,,
SART3,P11684,,
SAT1,O76038,,
SLC26A1,Q96I15,,
SBNO1,Q07699,,
SBNO2,Q99250,,
SCAPER,Q01118,,
SCARB1,Q9UQD0,,
SCD,O75880,,
SCD5,O43819,,
SCGB1A1,P18827,,
SCGN,P34741,,
SCLY,Q9HCN8,,
SCN1B,P31040,,
SCN2A,Q5VUM1,,
SCN7A,O76054,,
SCN8A,P16581,,
SCO1,Q13228,,
SCO2,P49908,,
SDC1,Q9BQE4,,
SDC2,P14151,,
SDF2L1,P16109,,
SDHA,Q14242,,
SDHAF4,Q14563,,
SEC14L2,Q9H3S1,,
SELE,Q9H2E6,,
SELENBP1,Q9HC62,,
SELENOP,Q8WYJ6,,
SELENOS,Q99719,,
SELL,Q9Y6X1,,
SELP,P01009,,
SELPLG,Q8IW75,,
SEMA3A,P01011,,
SEMA4A,P05154,,
SEMA6A,P05120,,
SENP2,P35237,,
SEPTIN1,P01008,,
SEPTIN5,P05121,,
SERP1,P07093,,
SERPINA1,P36955,,
SERPINA12,P08697,,
SERPINA3,P05155,,
SERPINA5,Q9Y6P5,,
SERPINB2,P58004,,
SERPINB6,P58005,,
SERPINC1,Q8WTS6,,
SERPINE1,Q96T68,,
SERPINE2,Q15637,,
SERPINF1,A8K8P3,,
SERPINF2,P31947,,
SERPING1,Q9Y3B8,,
SESN1,Q5T4F7,,
SESN2,P35247,,
SESN3,Q9H9B4,,
SETD7,Q92629,,
SETDB2,Q13326,,
SF1,O00141,,
SFI1,Q86VZ5,,
SFN,Q8NHU3,,
REXO2,O43147,,
SFRP5,Q96HU1,,
SFTPD,Q9NRF2,,
SFXN1,Q9UQQ2,,
SGCD,O60880,,
SGCG,P29353,,
SGK1,Q92529,,
SGMS1,P14410,,
SGMS2,Q9BZZ2,,
SGSM2,O15389,,
SGSM3,Q9Y286,,
SH2B1,Q99720,,
SH2B3,P57059,,
SH2D1A,Q9H0K1,,
SHC1,Q9NP50,,
SHC3,Q8IXJ6,,
SI,Q9NTG7,,
SIGLEC1,Q9Y6E7,,
SIGLEC5,Q9NXA8,,
SIGLEC7,Q8N6T7,,
SIGMAR1,Q9NP91,,
SIK1,Q9Y3P8,,
SIK2,O95343,,
SINHCAF,Q96BD8,,
SIRT2,P12757,,
SIRT3,Q13309,,
SIRT4,Q13291,,
SIRT5,Q14493,,
SIRT6,Q12908,,
SLC6A20,P49281,,
SIT1,P55017,,
SIX3,Q9BXP2,,
SKA1,Q15849,,
SKIL,P53985,,
SKP2,Q8NCK7,,
SLAMF1,Q7RTY0,,
SLBP,O60669,,
SLC10A2,O00476,,
SLC11A2,Q9NRA2,,
SLC12A3,Q9BYT1,,
SLC12A9,Q05940,,
SLC14A2,O60779,,
SLC16A1,Q15758,,
SLC16A11,O00341,,
SLC16A13,O15245,,
SLC16A7,Q96S37,,
SLC17A3,Q86VW1,,
SLC17A5,O15244,,
SLC17A9,Q9HC21,,
SLC18A2,O43772,,
SLC19A2,Q00325,,
SLC1A5,Q7LBE3,,
SLC1A7,Q6PCB7,,
SLC22A1,Q6P1M0,,
SLC22A12,Q9Y2P4,,
SLC22A16,Q7RTT9,,
SLC22A2,O95528,,
SLC25A19,Q9BYW1,,
SLC25A20,Q8TD20,,
SLC25A3,P11169,,
SLC26A9,P22732,,
SLC27A1,Q9NY64,,
SLC27A4,Q9NRM0,,
SLC27A6,Q9Y6M5,,
SLC29A4,Q6XR72,,
SLC2A10,Q8TAD4,,
SLC2A11,Q6NXT4,,
SLC2A12,Q8NEW0,,
SLC2A3,O00400,,
SLC2A5,P78382,,
SLC2A8,Q9H1N7,,
SLC2A9,Q2M3R5,,
SLC30A1,Q96QD8,,
SLC30A10,Q9NY26,,
SLC30A5,Q9ULF5,,
SLC30A6,Q504Y0,,
SLC30A7,Q9BRY0,,
SLC33A1,Q13433,,
SLC35A1,Q92504,,
SLC35B3,Q9NP59,,
SLC35G1,Q8IVJ1,,
SLC38A2,Q96JW4,,
SLC39A1,Q96NT5,,
SLC39A10,Q96FL8,,
SLC39A12,Q9BRV3,,
SLC39A3,Q9NWF4,,
SLC39A6,Q9HAB3,,
SLC39A7,P13866,,
SLC40A1,P31639,,
SLC41A1,Q92911,,
SLC41A2,P23975,,
SLC46A1,P31645,,
SLC47A1,P48029,,
SLC50A1,Q8TBB6,,
SLC52A1,P32418,,
SLC52A2,P19634,,
SLC5A1,P48764,,
SLC5A2,Q86UD5,,
SLC5A5,Q4G0N8,,
SLC6A2,P46721,,
SLC6A4,Q9Y6L6,,
SLC6A8,Q9NPD5,,
SLC7A14,O94956,,
SLC8A1,Q6ZQN7,,
SLC9A1,Q86UG4,,
SLC9A3,Q14BN4,,
SLC9B2,P03973,,
SLC9C1,Q15797,,
SLCO1A2,Q15796,,
SLCO1B1,P84022,,
SLCO1B3,Q13485,,
SLCO2B1,O15105,,
SLCO4C1,Q9H4L7,,
SLCO6A1,P49901,,
SLMAP,P17405,,
SLPI,Q53HV7,,
SMAD1,O00161,,
SMAD2,P37840,,
SMAD3,Q7KZF4,,
SMAD4,O75643,,
SMAD7,P08621,,
SMARCAD1,Q9UNH6,,
SMCP,O15524,,
SMPD1,O14508,,
SMUG1,O14543,,
SNAP23,P08294,,
SNCA,Q9BX66,,
SND1,Q8WY21,,
SNRNP200,Q00796,,
SNRNP70,Q92673,,
SNX7,Q99523,,
SOCS1,Q9BQB4,,
SOCS2,Q9UN79,,
SOCS3,P48431,,
SOD3,Q06945,,
SORBS1,P35711,,
SORCS1,P35712,,
SORD,P09486,,
SORL1,Q9P0W8,,
SORT1,Q6UW49,,
SOST,Q9UQ90,,
SOX13,Q9NYA1,,
SOX2,Q9NRA0,,
SOX4,Q2M3C7,,
SOX5,Q8N5J4,,
SOX6,P00995,,
SPARC,O60575,,
SPATA7,Q9HCB6,,
SPESP1,Q9BUD6,,
SPG7,P10451,,
SPHK1,Q9BX95,,
SPHK2,Q8TCT6,,
SPHKAP,P35326,,
SPIC,O43597,,
SPINK1,Q9H254,,
SPINK4,O15269,,
SPON1,Q9BT56,,
SPON2,Q9BXG8,,
SPP1,Q13501,,
SGPP1,Q8N5C6,,
SPPL3,P12931,,
SPRR2A,P18405,,
SPRY2,P31213,,
SPTBN4,P36956,,
SPTLC1,Q12772,,
SPX,P10124,,
SPZ1,P30626,,
SQSTM1,Q86TD4,,
SRBD1,Q9GZT4,,
SRC,Q13243,,
SRD5A1,P43307,,
SRD5A2,P61278,,
SREBF1,P30874,,
SREBF2,P31391,,
SRGN,P35346,,
SRI,P50502,,
SRL,Q11203,,
SRR,Q11206,,
SRSF5,Q8NDV1,,
SSR1,Q92187,,
SST,O75886,,
SSTR2,Q9UGK3,,
SSTR4,P25092,,
SSTR5,P49675,,
ST13,Q9Y365,,
ST3GAL3,P40763,,
ST3GAL4,Q14765,,
ST6GALNAC3,P42229,,
ST8SIA4,P51692,,
STAM2,P52823,,
STAP2,Q687X5,,
GUCY2C,Q13586,,
STAR,Q15831,,
STARD10,Q15208,,
STAT3,P16949,,
STAT4,Q9H668,,
STAT5A,Q9Y6Q2,,
STAT5B,Q9BX79,,
STC1,P08842,,
STEAP4,Q9UNE7,,
STIM1,Q16623,,
STK11,Q12846,,
STK38,Q13190,,
STMN1,Q9UNK0,,
STN1,O00186,,
STON1,Q9Y2K9,,
STRA6,Q9P2R7,,
STS,Q9BXA5,,
STUB1,Q8IWZ8,,
STX1A,Q8IWU5,,
STX4,P49888,,
STX5,Q6EEV6,,
STX8,P21579,,
STXBP3,Q9BT88,,
STXBP5L,Q9H2B2,,
SUCLA2,Q96RJ0,,
SUCNR1,P20366,,
SUGP1,Q9UHF0,,
SULF2,P29371,,
SULT1E1,Q96BN2,,
SUMO4,O75478,,
SYT1,P21675,,
SYT11,Q15572,,
SYT4,Q7Z5A7,,
TAAR1,P17542,,
TAC1,O15533,,
TAC3,Q8TE23,,
TACR3,Q7RTX0,,
TADA1,Q9NYV9,,
TADA2A,Q86TI0,,
TAF1,Q6ZT07,,
TAF1C,Q9UHD2,,
TAFA5,Q9Y4P3,,
TAL1,Q9UL17,,
TAPBP,Q9Y242,,
TAS1R2,P15884,,
TAS1R3,P36402,,
TAS2R13,Q5QJ38,,
TBC1D1,Q13488,,
TBC1D9,P17987,,
TBK1,Q02763,,
TBL2,Q6N022,,
TBX21,Q99973,,
TCF19,P54274,,
TCF4,Q15554,,
TCF7,Q9NYB0,,
TCHHL1,O14746,,
TCIRG1,Q6N021,,
TCP1,O43151,,
TEK,Q8IWB6,,
TENM4,P02787,,
TEP1,Q00059,,
TERF1,P05549,,
TERF2,Q92481,,
TERF2IP,Q8WVM0,,
TERT,P19484,,
TET2,P10646,,
TET3,P02786,,
TEX14,P01135,,
TF,P61812,,
TFAM,Q15582,,
TFAP2A,P37173,,
TFAP2B,Q03167,,
TFB1M,Q8WUH2,,
TFEB,P21980,,
TFPI,P07101,,
TFRC,P07204,,
TGFA,P07996,,
TGFB2,P35442,,
TGFBI,P35443,,
TGFBR2,Q5T1C6,,
TGFBR3,Q9Y2W1,,
TGFBRAP1,Q6ZMP0,,
TGM2,Q13009,,
TH,Q96H15,,
THBD,O43615,,
THBS1,O60220,,
THBS2,P16035,,
THBS4,P35625,,
THEM4,P58753,,
THRAP3,Q07157,,
THSD4,Q9UDY2,,
TIAM1,Q3LXA3,,
TIMD4,P29401,,
TIMM44,Q16832,,
TIMM8A,Q04724,,
TIMP2,Q04726,,
TIMP3,O43897,,
TIRAP,Q15399,,
TJP1,Q9BXR5,,
TJP2,O60603,,
TKFC,O15455,,
TKT,O00206,,
DDR2,O60602,,
TLE1,Q9NYK1,,
TLE3,Q9NR96,,
TLL1,Q9BZW4,,
TLR1,O76062,,
TLR10,Q9HC24,,
TLR2,P17152,,
TLR3,Q24JP5,,
TLR4,Q6P9G4,,
TLR5,Q8TC26,,
TLR7,O60235,,
TLR9,P98073,,
TM6SF2,Q8IU80,,
TM7SF2,P21580,,
TMBIM4,P98066,,
TMEM11,Q6P589,,
TMEM132A,Q9Y6Q6,,
TMEM154,O00300,,
TMEM163,Q9NP84,,
TMPRSS11D,Q92956,,
TMPRSS15,Q9Y5U5,,
TMPRSS6,Q93038,,
TNFAIP3,P43489,,
TNFAIP6,Q07011,,
TNFAIP8L2,P50591,,
TNFRSF11A,O14788,,
TNFRSF11B,O43508,,
TNFRSF12A,O43557,,
TNFRSF14,Q9H2K2,,
TNFRSF18,Q9H2S6,,
TNFRSF25,O96008,,
TNFRSF4,Q8N4H5,,
TNFRSF9,P11387,,
TNFSF10,P11388,,
TNFSF11,Q9NS56,,
TNFSF12,O94900,,
TNFSF14,P04637,,
TNKS2,Q96A56,,
TNMD,Q8NHX9,,
TOMM40,P55327,,
TOMM5,P09493,,
TOP1,P67936,,
TOP2A,P07202,,
TOPORS,P59282,,
TOX,Q5T0D9,,
TP53,Q13114,,
TP53INP1,Q9Y4K3,,
TPCN2,Q15629,,
TPD52,Q9Y6Q9,,
TPM1,A0A1B0GX51,,
TPM4,Q13061,,
TPO,O43280,,
TPPP2,Q9NZC2,,
TPRG1L,P20396,,
TRAF3,Q96RU7,,
TRAF6,O60858,,
TRAM1,Q96LD4,,
NCOA3,Q6ZMU5,,
TRBV7-8,Q9H2D6,,
TRDN,Q8TBZ6,,
TREH,O75762,,
TREM2,P48995,,
TRH,Q9Y210,,
TRIB3,Q7Z4N2,,
TRIM13,O94759,,
TRIM47,Q8TD43,,
TRIM72,Q9NZQ8,,
TRIOBP,Q9BX84,,
TRMT10A,Q96QT4,,
TRPA1,Q8NER1,,
TRPC1,Q5SRN2,,
TRPC6,Q15714,,
TRPM1,Q8NCE0,,
TRPM2,Q6ZSZ6,,
TRPM4,Q63HK5,,
TRPM5,O60637,,
TRPM6,Q12999,,
TRPM7,P19075,,
TRPV1,B1AH88,,
TSBP1,P30536,,
TSC22D1,Q16762,,
TSEN2,Q96AY4,,
TSHZ1,Q8N584,,
TSHZ3,Q8TAM2,,
TSPAN3,Q8N841,,
TSPAN31,A6PVC2,,
TSPAN8,P02766,,
TSPO,P50607,,
TSPO,P68371,,
TST,O00294,,
TTC28,P10599,,
TTC39C,Q99757,,
TTC8,Q9H3M7,,
TTLL6,Q9NX01,,
TTLL8,Q16881,,
TTR,Q9NNW7,,
TUB,Q86VQ6,,
TUBB4B,P29597,,
TULP1,P19971,,
TXN,O43914,,
TXN2,Q5T6F2,,
TXNIP,Q8TF42,,
TXNL4B,P63146,,
TXNRD1,Q9C0C9,,
TXNRD2,Q9H832,,
TXNRD3,Q15386,,
TYK2,Q9BZL1,,
TYMP,P09936,,
TYROBP,Q96RP3,,
UBAP2,Q969E3,,
UBASH3B,P25874,,
UBE2B,P55916,,
UBE2O,Q16739,,
UBE2Z,Q9NYU1,,
UBE3C,P22309,,
UBL5,Q9HAW8,,
UCHL1,P35503,,
UCN2,P22310,,
UCN3,P35504,,
UCP1,P19224,,
UCP3,Q9HAW7,,
UGCG,Q9HAW9,,
UGGT2,O60656,,
UGT1A1,P54855,,
UGT1A10,P07911,,
UGT1A3,O14795,,
UGT1A4,Q8IZJ1,,
UGT1A5,Q6UXZ4,,
UGT1A6,O00526,,
UGT1A7,O95045,,
UGT1A8,Q9NZ43,,
UGT1A9,P22415,,
UGT2B15,P54578,,
UMOD,Q9Y5T5,,
UNC13B,O75604,,
UNC5B,Q9Y6I4,,
UNC5D,Q9P275,,
UPK2,Q86T82,,
UPP2,P46939,,
USE1,O95399,,
USF1,Q9UKP6,,
USP14,Q2YD98,,
USP16,O75379,,
USP2,Q9BV40,,
USP3,Q7L8A9,,
USP36,P19320,,
USP37,P21796,,
UTRN,P11473,,
UTS2,P15692,,
UTS2R,P49765,,
UVSSA,P49767,,
VAMP4,P08670,,
VAMP8,P01282,,
VASH1,P32241,,
VCAM1,Q9BQB6,,
VDAC1,P98155,,
VDR,Q8TDU5,,
VEGFA,P12018,,
VEGFB,Q709C8,,
VEGFC,Q9H267,,
VIM,Q96QK1,,
VIP,Q9UID3,,
VIPR1,P62760,,
VKORC1,P04004,,
VLDLR,P04275,,
VN1R17P,Q9BTA9,,
VPREB1,P23381,,
VPS13C,Q9UGM6,,
VPS33B,Q9UPY6,,
VPS35,Q9NQA3,,
VPS51,A8K0Z3,,
VSNL1,Q9H1Z4,,
VTN,Q3MJ13,,
VWF,Q9H4A3,,
WAC,Q96J92,,
WARS1,P56704,,
WARS2,P41221,,
WASF3,Q9H1J7,,
WASH6P,Q14191,,
WASHC1,Q2TBF2,,
WDR13,Q15007,,
WDR72,Q9NZC7,,
WNK1,P17861,,
WNK4,P47992,,
WNT3A,P47989,,
WNT5A,Q9HAV4,,
WNT5B,Q9UBH6,,
WRN,P18887,,
WSCD2,Q13426,,
WTAP,Q86Y38,,
WWOX,Q9H1B5,,
XBP1,P67809,,
XCL1,O15498,,
XDH,Q9H6S0,,
XPO5,P61981,,
XPR1,P25490,,
XRCC1,Q401N2,,
XRCC4,O96006,,
XYLT1,Q96IU2,,
XYLT2,A1YPR0,,
YBX1,Q9NQZ6,,
YKT6,Q6FIF0,,
YTHDC2,P16415,,
YWHAG,P26651,,
YY1,Q49AA0,,
ZACN,Q8WW38,,
ZBED1,P0C6A0,,
ZBED3,Q8N5A5,,
ZBTB7C,Q9H4I2,,
ZC4H2,Q15915,,
ZFAND6,Q9ULJ6,,
ZNF823,O75844,,
ZFP36,Q9ULU4,,
ZFP69,Q8IZC7,,
ZFPM2,Q9UL36,,
ZGLP1,Q16600,,
ZGPAT,Q8IZ26,,
ZHX3,Q9H9D4,,
ZIC1,Q86VK4,,
ZMIZ1,Q96JG9,,
ZMPSTE24,Q8N8E2,,
ZMYND8,Q96BV0,,
ZNF101,O75312,,
ZNF236,Q5FWF4,,
ZNF239,P17040,,
ZNF34,Q96MP5,,
ZNF408,O43149,,
ZNF410,,,
ZNF469,,,
ZNF513,,,
ZNF775,,,
ZPR1,,,
ZRANB3,,,
ZSCAN20,,,
ZSWIM3,,,
ZZEF1,,,
